id,month,skills,has_skills,full_text
46858748,2026-02,computer programming|computer technology|electronic communication|learning management systems,1,Small boutique consulting | Remote (US) (some est meetings) | part-time/flexible/1099 Hi! I work with a small group of developers doing custom software development and consulting for small/medium busi
47036452,2026-02,Azure|JavaScript|Next.js|Node.js|React|SQL|computer programming|integrated development environment software,1,"Stack Influence | Multiple Openings: Full Stack Developer, Technical Product Manager, Product Designer & UX Research | Full-time | Remote (Worldwide) We’re a VC-backed, fully-remote, fast-growing crea"
46857812,2026-02,geographic information systems,1,"FUTO | Austin, TX | Remote | Full Time FUTO is an organization dedicated to developing, both through in-house engineering and investment, technologies that frustrate centralization and industry consol"
46857573,2026-02,geographic information systems,1,"Apple | Senior Software Engineer - Transparency | Cupertino, California, US | ONSITE (3 days/week in office) We're looking for software engineers to join a team focused on transparency services. These"
46862707,2026-02,Django|JavaScript|PostgreSQL|Python|Python (computer programming)|React|Source (digital game creation systems)|TypeScript|database|geographic information systems,1,Fusionbox | Python + TypeScript Engineers | United States| Full-time | REMOTE (Legal to work in the US) We're a software engineering consultancy that builds enterprise software the right way. We negot
47033489,2026-02,AI|Python|Python (computer programming)|SQL|computer programming|geographic information systems,1,"Sundogs | Senior Data Analyst / Analytics Engineer | Remote EST / CET | Part-Time We're Sundogs, an early-stage startup (15 people) founded by ex-Googlers, we use AI and human creative expertise to tr"
46858210,2026-02,NumPy|Python|Rust|augmented reality|computer vision|consumer electronics|electronics|go|scientific computing,1,"Arizona Optical Metrology (AOM) | Software Engineer | Tucson, AZ | Onsite | Full-time AOM is bringing decades of experience in optical metrology to bear on some of the most demanding applications on e"
46857717,2026-02,AI|Erlang|Python|React|computer programming|computer technology|geographic information systems,1,"FreightRoll | Software Engineer | Remote (US only) | $150k – $175K (Salary + Equity) | Full-time We are an AI-first logistics technology startup. Role: -Experience with Elixir or Erlang in production,"
46857647,2026-02,AI|Ansible|GitHub Actions|Go|JavaScript|PostgreSQL|PyTorch|Redis|Rust|TypeScript|computer programming|create prototype of user experience solutions|geographic information systems|service-oriented modelling,1,"Charted Sea | Senior Product & Platform Engineer | REMOTE | Full-time
Location: Hong Kong
 https://chartedsea.com/about Charted Sea is a small, bootstrapped SaaS company helping customers scrape very "
46857923,2026-02,geographic information systems|robotics,1,"MONUMENTAL |  https://www.monumental.co/  | Amsterdam, The Netherlands | Full Time | Onsite We make robots that autonomously construct buildings. We are currently developing and manufacturing our auto"
46857555,2026-02,AI|AWS|Go|Haskell|JavaScript|Kubernetes|PostgreSQL|Redis|Trino|TypeScript|geographic information systems,1,TextQL | Senior Software Engineer (FT) | ONSITE | New York City | $200k Salary - $400k Total Compensation Company: TextQL is working to drive the unit cost of a data-driven decision down to zero. We'r
46858205,2026-02,AI|Cursor|computer programming|geographic information systems|system design,1,"Graphite |Senior Software Engineers| New York, NY in our Soho Headquarters |  https://graphite.dev We’re building Graphite to help high-performing engineering teams run faster, cleaner code reviews. O"
46862140,2026-02,AI|AWS|Kafka|Python|React|Rust|geographic information systems,1,"Staff / Principal Product, Backend, Distributed Systems Engineers @Artemis in NYC Hiring 7+yrs Senior or Staff Engineers who want to be founding members at our Stealth AI-security startup (seed $15M)."
46861441,2026-02,Unclassified,0,SEEKING PARTNER | Bay Area | Applied Research Lab Not a job. I’m exploring alignment with a potential partner. I’m a systems builder (CS/infra founder; shut down my last startup) who spent the past tw
46866258,2026-02,augmented reality|geographic information systems,1,"Atomic Tessellator | Various | REMOTE (UTC+12) |  https://atomictessellator.com We simulate materials at the atomic level for aerospace, defence, nuclear fusion, and advanced polymers. Our team of fou"
46883150,2026-02,computer vision|embedded systems|robotics,1,"Founding Engineer Wanted | Defense Startup | Munich/Remote
Can You Solve This?
The Challenge:  An FPV drone flies at 100 km/h. You have to detect, track, and intercept it physically. No Cloud. Just on"
46872403,2026-02,AI|computer programming|geographic information systems,1,"Modal | Software Engineers (Product, System, SDK) | SF, NYC (ONSITE) | Full Time | modal.com Modal builds the serverless cloud used by many of the most popular AI companies you've heard of. People use"
46977993,2026-02,AI|integrated development environment software,1,SPADE Agriculture| Full Stack Engineer |  https://spade.ag  | Remote (US Timezones) | Full Time Spade is a Series A startup building a wide range of products for the dairy industry. Think apps for far
46860461,2026-02,Django|JavaScript|Python|React|TypeScript|Typescript|augmented reality|computer programming|geographic information systems|learning management systems,1,"RINSE | REMOTE or San Francisco, Los Angeles, Chicago, Boston, New York, New Jersey, Seattle, Austin, Toronto, or Washington DC | Software Engineer | Full-Time |  https://www.rinse.com Rinse provides "
46865733,2026-02,AI|ML|augmented reality|computer science|computer vision,1,"Stellar Science  | Hybrid (USA) Albuquerque NM, Washington DC (Tysons VA), Dayton OH | Full time, interns/co-ops | U.S. citizenship required |  https://www.stellarscience.com Company : We're a small s"
46864354,2026-02,AI|ai|computer programming,1,"Songscription | Founding Fullstack Engineer | San Francisco, CA | Onsite At Songscription, we train state-of-the-art AI models to automate music transcription, with the vision of enabling any musician"
46863649,2026-02,LLM|R|SaaS|geographic information systems,1,"Uncountable | NY, SF, London & Munich (In-Person) | Full-Stack Engineering  https://www.uncountable.com/hiring/hn Uncountable accelerates R&D for industrial scientists across leading materials, chemic"
46857529,2026-02,AI|AWS|JavaScript|LLM|Node.js|PostgreSQL|React|TypeScript|computer programming|geographic information systems,1,PrairieLearn (Remote US) — Full-Stack Software Engineer — TypeScript / Postgres / React / AI PrairieLearn ( https://www.prairielearn.com ) is an open-source assessment platform used by universities ac
46861925,2026-02,AI|PostgreSQL|Python,1,"Midpage |  https://midpage.ai  | Senior Software/Data Engineer | prefer NYC, open to remote | Full-time | $170-240k + equity Midpage is seeking a senior engineer to help us catalog the world's legal d"
46860967,2026-02,AI|computer programming|service-oriented modelling,1,Beautiful.ai | Full-Time | Remote in US & CAN | SaaS B2B Presentation Software | Series B | 16M Funding | AI Industry 1. Senior Platform Engineer | 160k - 200k Base salary + Equity |  https://job-boar
46858691,2026-02,Unclassified,0,"In addition to the search tools mentioned above, feel free to use  https://nthesis.ai/public/hn-who-is-hiring . You can search and chat with the posts on this page. Updates live. Hope it helps! Note: "
46861028,2026-02,Docker|JavaScript|Kubernetes|PostgreSQL|React|Tailwind|TypeScript|geographic information systems|style sheet languages,1,"Realm.fun | Full-Stack Engineer | Remote (EU timezone preferred)   Realm.fun is a game server hosting platform - think ""Vercel for game servers."" We make it dead simple to spin up Minecraft, Valheim, "
46858891,2026-02,Unclassified,0,"DuckDuckGo | Multiple Roles | Remote | Full-time | $178,500 - $320,000 USD + equity We are looking for candidates that are excited to join us on a mission to raise the standard of trust online. All of"
46858279,2026-02,React|React Native,1,"Software Engineer (Contract) | Chicago, IL or REMOTE (US) I am part of the hiring team. We are an early-stage venture building a new consumer mobile product in the health and wellness space, focused o"
46858297,2026-02,JavaScript|Rust|TypeScript|Typescript|augmented reality|computer graphics|computer programming|geographic information systems,1,"Arcol | Senior Software Engineer | NYC, SF, or Remote (US/Canada) | Full-time Arcol (arcol.io) is a small, high talent density team building the future of building design - a future that's collaborati"
46859595,2026-02,Rust|geographic information systems,1,"Cloudflare | Rust/DB engineers | SF/Austin/Seattle/NYC/London/Lisbon (Onsite) | Full-time Hey HN, I'm hiring engineers for the new Cloudflare Data Platform ( https://blog.cloudflare.com/cloudflare-dat"
46857654,2026-02,computer programming|data warehouse|geographic information systems,1,"PostHog | Full-Time | Product engineers, backend engineers, Technical AMs | REMOTE (all remote) | Hiring GMT-8 to GMT+2 PostHog equips developers to build successful products by combining product anal"
46857784,2026-02,AI|Langchain|Neo4j|geographic information systems,1,"Memorang (Vercel + Shopify for EdTech) | Full-Time | Hybrid - Los Angeles Our mission is to automate learning. We're building the AI stack for education—combining knowledge graphs, agents, and apps so"
46866432,2026-02,AI|Go|Next.js|React|business intelligence|database|geographic information systems,1,"Adalat AI |  https://www.adalat.ai  | Remote (India) | Go, React, Next.js, k8s We're Hiring at Adalat AI: Join Us in Building the Future of Justice Adalat AI is on a mission to transform India’s judic"
46858137,2026-02,computer programming|geographic information systems,1,Modash.io | Multiple roles | Multiple locations | Full-time | Remote • Modash is an end-to-end influencer marketing platform for Shopify stores. • We help every creator earn a living. • Tallinn is hom
47000819,2026-02,Outsourcing model|computer programming|geographic information systems,1,"Buildkite [CI Devtool] | Senior Design Engineer, Web | Remote (PT preferred) | Full-time Buildkite’s CI platform is trusted by the world’s leading engineering teams, shipping software to over 1,000,00"
46858219,2026-02,AWS|Docker|PostgreSQL|Python|S18|Terraform|computer technology,1,"Enveritas (YC S18, non-profit) | Backend Software Engineer | Remote (Global) |  https://enveritas.org/jobs/ Enveritas is a 501(c)(3) nonprofit working on sustainability issues facing smallholder coffe"
47006572,2026-02,AI|Docker|GCP|Python|Python (computer programming)|computer programming,1,Areto Labs | Lead Product Engineer | Full-time | Remote (Canada) Areto Labs is building AI-powered content moderation tools to make online communities safer. Small startup (think: hands-on coding + st
46907390,2026-02,AI|computer technology|geographic information systems|iOS|robotics,1,"Blue | 2x Founding Engineers + EA | Remote | Full-time |  https://joinblueai.com/join-us 1x Backend/Infra Engineer + 1x Mobile/iOS Engineer + 1x SuperAdmin/EA Now that we're closing a new big round, w"
46867043,2026-02,AI|data engineering|geographic information systems,1,"DeepL | Full-time | London, Berlin/Munich, New York | HYBRID At DeepL, we're building intelligent, trusted AI for language and beyond. Hiring for technical roles: Engineering (13 roles):
Backend, Full"
46993910,2026-02,computer programming,1,CT RISE Network | Junior Software Developer | REMOTE (US) | Nonprofit | Full-Time CT RISE Network is a Connecticut-based nonprofit improving educational outcomes through data tools and technology that
46993907,2026-02,computer programming,1,CT RISE Network | Junior Software Developer | REMOTE (US) | Nonprofit | Full-Time CT RISE Network is a Connecticut-based nonprofit improving educational outcomes through data tools and technology that
46864767,2026-02,JavaScript|Kubernetes|MySQL|React|Ruby|TypeScript|Typescript|computer programming|geographic information systems,1,"Found | San Francisco, NYC, REMOTE [CAN/US] | Engineering (EM and IC roles, platform and product teams), Data, Data infra, Product | found.com We're building the next generation of financial tooling t"
47004190,2026-02,Python,1,"Herdify | Bristol, UK | Hybrid/Onsite | Full Time Herdify is a young B2B SaaS company based in Bristol building a product to deliver behavioural science to consumer brands. We are looking for a skille"
46976593,2026-02,AI|AWS|Azure|GCP|JavaScript|TypeScript|geographic information systems,1,Faraday ( https://faraday.so/ ) | Senior Full-Stack Engineer (Backend) | New York City (Chinatown) | ONSITE | $160K–$200K + seed-stage equity Faraday is automating the back office for the $600B home s
46981832,2026-02,AWS|Android (mobile operating systems)|JavaScript|Kotlin|Outsourcing model|Python|Swift|Terraform|TypeScript|geographic information systems|iOS,1,Duolingo | Full-time | Multiple roles | $177K-$300K | NY and Pittsburgh | ONSITE Our mission is to develop the best education in the world and make it universally accessible. Our culture is eng-driven
46972527,2026-02,AWS|Docker|JavaScript|Kubernetes|NestJS|PostgreSQL|Prometheus|React|Redis|Source (digital game creation systems)|Terraform|TypeScript|computer programming|database management systems|service-oriented modelling,1,"BetterDB ( https://betterdb.com ) ( https://github.com/BetterDB-inc ) | Founding Engineer | Remote | Full-time BetterDB is building the tooling ecosystem for Valkey, the high-performance Redis fork ba"
46901627,2026-02,AI|JavaScript|Ruby|TypeScript|learning management systems,1,"Teamtailor | AI Product Developer | REMOTE (EU) or HYBRID (Stockholm/Gothenburg/Linköping, Sweden) Hi! I'm CJ, Head of Product at Teamtailor ( https://teamtailor.com ). We're a bootstrapped scale-up b"
46857964,2026-02,Accel|geographic information systems,1,"Axle Energy | London, UK | Hybrid (2-3 days/week in office) We build software to run decarbonised electricity grids. Our platform controls hundreds of thousands of energy assets across the UK (and Eur"
46874404,2026-02,AI|computer programming|geographic information systems|learning management systems,1,Folio | Backend / Product Engineers | REMOTE (US) | Full-time |  https://folio.co Hotel procurement's a $400B industry still running on spreadsheets and phone calls (and faxes!). We're bringing world-
46860607,2026-02,AI|JavaScript|Python|React|TypeScript|Typescript|computer programming|geographic information systems|machine learning,1,"CVector | Software Engineers, Senior Research Engineer | New York City (FiDi) | ONSITE | Full-time | VISA SPONSORSHIP CVector builds software to bring real time economic optimization and AI prediction"
46858523,2026-02,AI|computer programming|iOS,1,"Neurotone.ai | Fully Remote | Full-time | neurotone.com
Neurotone is revolutionizing auditory training with AI, helping people with hearing disabilities maximize their hearing aids. We’re a small, fas"
46861845,2026-02,AI|AWS|Cursor|JavaScript|MongoDB|Next.js|Python|TypeScript,1,"Jurata | Software Engineer (Frontend/Fullstack) | Zurich, Switzerland | ONSITE | Full-time
Jurata is a LegalTech startup building an online one-stop shop for legal, accounting, and tax services. We he"
46858929,2026-02,geographic information systems,1,"PMG |  https://www.pmg.com/careers/  | Dallas / NYC | Full Time | Developers, Data Scientists, Engineering Managers
We are looking to grow our technology team. We build large scale marketing technolog"
46983344,2026-02,computer programming|geographic information systems|iOS|integrated development environment software,1,"Ro | NYC | Hybrid/Onsite | Full Time Hiring Backend Engineers, SRE, Team Leads, Management, and an iOS Engineering role Job board -  https://ro.co/careers/#open-roles Ro is a direct-to-patient healthc"
46858474,2026-02,.NET|AWS|C#|JavaScript|PostgreSQL|React|TypeScript|Visual Basic|augmented reality|computer programming|geographic information systems,1,"RepSpark | Engineering | REMOTE (US) | Full-Time |  https://www.repspark.com RepSpark is the top SaaS B2B wholesale e-commerce platform for brands in apparel, footwear, and accessories. For example, w"
46858595,2026-02,Python|Python (computer programming)|SQL|computer programming|database|integrated development environment software,1,"Count | Senior Software Engineer | REMOTE (UK/Europe/US East Coast) | Full-time | £100–140k (or local equivalent) + Equity |  https://count.co Count is an infinite, real-time canvas where SQL, Python,"
46862815,2026-02,AI|Java|Java (computer programming)|JavaScript|Python|SQL|TypeScript|geographic information systems,1,"Splash Tech|  FE/Fullstack Mid-Senior/Senior | Remote( +-2 EU CET) |  Full Time |  https://splash.tech/ We’re a small UK-based free-to-play gaming company with a distributed EU team, growing fast afte"
46858449,2026-02,BigQuery|GCP|JavaScript|PostgreSQL|Python|React|TypeScript|learning management systems,1,"Replica | Software Engineer | New York City Onsite (Hybrid) | NYC Area Required | Full-time |  https://www.replicahq.com We build software to help cities, transit agencies, and your state department o"
46861264,2026-02,AI|C++23/26|JavaScript|Python|Python (computer programming)|TypeScript|computer programming|database,1,"Tenzir | Software Engineering & Sales | Remote (EU Timezones) | Full-time Tenzir is building an open-core security data pipeline for the AI era. We empower defenders to collect, shape, and route secur"
46858809,2026-02,AI|computer programming|system design,1,"Dragonfly | www.askdragonfly.com | Remote first (frequent trips to London) | Full-time We’re an early-stage startup at the intersection of system design, cloud infra, and AI, enabling companies to ado"
46860277,2026-02,augmented reality|hardware components|robotics,1,"Charge Robotics | Multiple Roles | Full-time | Onsite | SF Bay Area Hi HN! We’re a YC-backed, Series-A startup building robots that build large-scale solar farms. Check out a video of our first system"
46876996,2026-02,AI|JavaScript|TypeScript|go,1,"Wolf Games is looking for a U.S.-based, fully remote Software Engineer (3+ yrs experience) to help turn creative game prototypes into polished, production-ready web games. You’ll work hands-on in Type"
46859912,2026-02,AI,1,"At Peregrine, we are transforming the way organizations engage with their data, making it easily accessible and immediately actionable for those who need it, when they need it most.
SF / NYC / DC | In"
46860534,2026-02,AI|LLM|computer programming|create prototype of user experience solutions|geographic information systems|learning management systems,1,"Doowii | Remote (US) | Full-time |  https://doowii.io Doowii is building an “AI operating layer” for education analytics: connect your institution’s systems (SIS/LMS/CRM), and non-technical teams can "
46867927,2026-02,computer programming|computer technology|git|go|learning management systems,1,"Comper | Multiple roles (engineering + design) | €80-100k + equity | Utrecht, The Netherlands | ONSITE |  https://comper.io We make software landscapes understandable and explorable. Our canvas is zoo"
46982908,2026-02,AI|C++|Python|Python (computer programming)|data engineering|geographic information systems,1,Alembic | SF (5 days onsite) | SRE • C++ AI • Backend Python • Data Engineering Causal AI at scale for Fortune 500. We melted GPUs building this—now running one of the world's fastest private supercom
46967582,2026-02,AI|computer programming|geographic information systems,1,"Wave | Applied AI Engineer |  https://wave.com  | Remote (US/UK/Canada/Spain) | Full Time Wave (YC W12) is making Africa the first cashless continent by building affordable, instant financial services"
46863986,2026-02,Django|Kubernetes|Python|Python (computer programming)|React|computer programming|learning management systems,1,"Halfpricesoft | Founding Engineer | Berkeley, CA | ONSITE | $175k - $210k + Equity Halfpricesoft has quietly dominated the small business payroll and tax compliance space for 20 years. We are a profit"
46945618,2026-02,Go|geographic information systems,1,"Arenko (energy transition/batteries and renewables) | London, UK | 2x/week in office We work on industrial/grid-scale batteries and other renewable generation: monitoring, managing and trading them on"
46859814,2026-02,AI|AWS|GCP|Go|JavaScript|Kubernetes|ML|PyTorch|Python|React|TypeScript|geographic information systems|learning management systems|machine learning,1,"Lightning AI | lightning.ai | Senior Engineers (Full-stack, Backend, ML Platform) | NYC & SF | HYBRID / ONSITE | Full-time Lightning AI (the creators of PyTorch Lightning) is building the OS for AI. W"
46976827,2026-02,AI|AWS|DevOps|Docker|DynamoDB|Go|JavaScript|Kubernetes|Outsourcing model|PostgreSQL|React|TypeScript|computer programming,1,"Happy Returns (UPS) | Software Engineer (Entry-Level, Full-Stack) | Remote (US) | Full-time Happy Returns (a UPS company) is building the systems behind fast, easy online returns and exchanges for maj"
46871324,2026-02,AI|AWS|Android (mobile operating systems)|JavaScript|ML|Python|Rust|Scala|Terraform|TypeScript|augmented reality|database|geographic information systems|iOS|sensors,1,"Radar Labs | Software Engineers (SRE, data platform, backend, full-stack, mobile) | Remote (US), NYC | Full Time |  https://radar.com - Radar is the geo-location dev tool - Doing 1B+ API calls per day"
46861651,2026-02,AI|Computer Assisted Language Learning|React|computer programming|geographic information systems|learning management systems,1,"Mozart AI | 2 Full-Stack Engineers (FE-leaning + BE-leaning) | London, UK | ONSITE (central London) / Hybrid | Full-time Mozart AI is a Digital Audio Workstation (DAW) with built-in AI Co-Production. "
46860584,2026-02,AI|R|data models,1,"Atomscale | Software Engineer, Full Stack | Boston, MA (Hybrid Onsite) |  https://atomscale.ai Atomscale is building AI to improve atomic-scale materials manufacturing. Our goal is to help translate n"
46859341,2026-02,AI|Python|Python (computer programming),1,"EggAI | Software Engineer, Team lead, AI engineer | REMOTE (EU, Switzerland, Norway) | Full-time or Contract We have multiple roles open:
- Senior Python Developer
- Technical Team Lead
- AI engineer,"
46857703,2026-02,AI|ML|PostgreSQL|Python|augmented reality|geographic information systems|machine learning,1,"AIDAR | Hamburg, Germany | REMOTE-FRIENDLY | Core Team | Full-time We’re building AI-powered tools for artist discovery, helping music professionals find emerging artists that actually fit their taste"
46953053,2026-02,AI|CI/CD|Cursor|Unity (digital game creation systems)|computer technology|service-oriented modelling,1,"Family Office | AI-Native Technical Operations Lead | Miami, FL (ONSITE preferred, REMOTE US considered) | $90-150K + Equity | Contract-to-hire We're a fully capitalized HealthTech platform backed by "
46863232,2026-02,Immunera|ML|PyTorch|Python|Python (computer programming)|TensorFlow|learning management systems|machine learning,1,"Immunera | Principal Machine Learning Engineer | NYC area (hybrid) | Full-time | immunera.ai Hey! I’m Maxim, cofounder/CEO of Immunera. We're building blood tests that use gene sequencing and machine "
46857726,2026-02,LESS|geographic information systems,1,"VIVA Finance | Atlanta, GA (In Person)| Back-end Software Engineer Target Experience Level: 2-4 years of professional software experience VIVA is a Fintech Startup based in Atlanta, GA with the missio"
46864551,2026-02,AI|C#|C++|Java|Python|Python (computer programming)|computer programming,1,"SIG | Multiple Positions | SYDNEY, AUSTRALIA | Visa Sponsorship for Experienced / PhD Candidates | On Site |  https://sig.com SIG is a global quantitative trading firm founded with an entrepreneurial "
46862175,2026-02,AI|JavaScript|Node.js|R|React|SQL|TypeScript|computer programming,1,"Neo.Tax | Senior Full-Stack Engineer | Remote (US Timezones) | Full-time Neo.Tax is automating enterprise accounting and tax with AI. We help companies like Notion, Mercury, Brex, and Whoop calculate "
46857798,2026-02,AI|AWS|Java|JavaScript|Kubernetes|React|TypeScript|augmented reality,1,"Coveo | Senior Fullstack Developer | Canada | Full-time | Hybrid/Remote At Coveo, we build AI-powered systems that bring hyper-personalization to every enterprise experience, whether it's e-commerce, "
46858155,2026-02,AWS|JavaScript|Python|React|Rust|TypeScript,1,"Strobe | Software Engineer | Brooklyn, NYC | ONSITE | Full-time | $120k–$250k + equity We’re building a distributed, software-defined power plant: buildings, batteries, EVs, and on-site generation buy"
46876386,2026-02,AI,1,Innolitics | US-Based | Remote | Full-time Innolitics is a remote-only professional services firm. We help medical device companies—from startups to large corporations—develop software and AI for medi
46984173,2026-02,AI,1,Babou.ai | Remote | Full Time Hiring: Executive Assistant Babou.ai is an early-stage AI company building novel autonomous systems for creative production. We're hiring an Executive Assistant to work d
46880315,2026-02,AI|Go|JavaScript|RAGE (digital game creation systems)|TypeScript|Typescript|computer programming|geographic information systems,1,"Goji Labs back in the house | We have multiple openings for: PM, Designers, QA Engineers, Go Engineers, Full Stack Typescript Engineers About us: We're a fast-growing, strategy-first software studio. "
46896462,2026-02,Azure|Rust|database,1,"Microsoft Azure Data | Senior Software Engineer (Vector DB) | US Redmond/Remote
We build the engine ( https://github.com/Microsoft/DiskANN ) that brings vector search capabilities to Azure Databases a"
46893204,2026-02,AI|computer programming|human-computer interaction,1,"Augmental | Senior Software Engineer (Embedded/Full Stack) | San Francisco, CA US | full-time | ONSITE Build in-mouth HID and other wearable HCI with us! We develop novel human-computer interaction de"
46871300,2026-02,AI|Outsourcing model|computer programming,1,"Hipcamp | Product Engineer | Full-time | REMOTE(US,CA) | hipcamp.com We’re looking for a Senior Product Engineer to join Hipcamp and help build the core product experiences that connect people with th"
46859092,2026-02,AI|Cursor|JavaScript|TypeScript|hardware testing methods,1,"Fanvue | AI Internal Developer Tooling Engineer | REMOTE (London based, GMT-5 to GMT+5 preferred) | Full-time One of the coolest roles we've had: experiment with cutting-edge AI tools to make talented"
46946177,2026-02,Node.js|integrated development environment software,1,"Holepuch|Remote, Worldwide|Senior Node.js Software Engineer At Holepunch, we are redefining the internet’s architecture. Our open-source P2P platform, Pear, enables developers to deploy applications d"
46857585,2026-02,AI|Python|Rust|computer programming|geographic information systems,1,"Cloudflare | New York City, Austin, London, Lisbon, San Francisco, Seattle | Full Time I’m hiring for some (IMHO) really fun product manager roles on Cloudflare’s Developer Platform (workers.cloudflar"
46857491,2026-02,JavaScript|Node.js|Python|React|Ruby|TypeScript|augmented reality,1,"Goody | Remote | $150–250K + equity and benefits | North/South America | Full-time I'm Mark, the technical co-founder and CTO at Goody. We're building a gifting product that every business can use to "
46858612,2026-02,geographic information systems,1,"Sage | Engineering & Product | Hybrid (2 days remote, 3 days in New York City/NYC area) | Full-Time |  https://www.sagehealth.com We're building hardware & software systems to improve elder care, and "
46864421,2026-02,Outsourcing model|computer programming|geographic information systems,1,"Tailscale | Developer Advocates + many others | REMOTE (US, CA, UK) Full JD here:  https://job-boards.greenhouse.io/tailscale/jobs/4656023005 Tailscale is modernizing the way we connect our devices an"
46868484,2026-02,ML|augmented reality|computer programming|geographic information systems|learning management systems,1,"AIRMO | FE, FS, ML engineers | Luxembourg | ONSITE AIRMO is a European climate-tech company using space and airborne technologies to monitor greenhouse gas emissions globally. Our instruments — combin"
46961849,2026-02,React|Ruby|geographic information systems,1,"Cliniko | Full stack developer, React developer |  https://www.cliniko.com/  | Remote | Full Time (30 hour week, full time pay) Cliniko is practice management software that makes life easy for allied "
46957010,2026-02,AI|AWS|GCP|Outsourcing model|SaaS|computer programming|geographic information systems,1,"Forcepoint | Principle Product Manager | Remote (EU) or Hybrid (Cork, Ireland) https://www.linkedin.com/jobs/view/4361392992/ Forcepoint is seeking an accomplished Principal Platform Product Manager t"
46959004,2026-02,Spring|computer programming|express|geographic information systems,1,"SafetyWing | Product Manager Intern | Remote | 6-month full time internship At SafetyWing (YC W18), we’re building a global social safety net for remote workers—simple health, insurance, and retiremen"
46952788,2026-02,AI|computer technology|geographic information systems|iOS,1,"How We Feel | Lead iOS/AI Engineer | ONSITE San Francisco, Hybrid Founded by Ben Silbermann (founder of Pinterest), we’re a tight-knit team of engineers, designers and scientists building experiences "
46868542,2026-02,Rust|rust,1,"Proton ( https://proton.me ) | Privacy & productivity | Full-Time | Europe, hybrid ONSITE, visa sponsorship | Scale-up, bootstrapped, profitable I am listing mostly Mail desktop related positions, but"
46858277,2026-02,AI|Python,1,"Tower | Senior/Principal Software Engineers | London, UK / Berlin, DE |  https://jobs.tower.dev Data teams waste countless hours wrestling with infrastructure instead of solving their businesses’ most"
46945590,2026-02,JavaScript|Python|Rust|TypeScript|Typescript,1,"Flok Health | Engineering (systems/Rust, full-stack/Python/TS, Data) | ONSITE Cambridge UK Flok builds and runs automated physiotherapy clinics in the UK. Here's an article about us on the BBC:  https"
46920847,2026-02,GCP|learning management systems|service-oriented modelling,1,Shorebird | Mid-Senior Backend/Cloud Engineer (Dart) | REMOTE (North America) | Full-time | $150-220k + equity + benefits |  https://shorebird.dev Flutter/Shorebird founder here. Flutter is used by mi
46860331,2026-02,Source (digital game creation systems)|geographic information systems,1,"Stainless | Engineers, EMs, GTM, Former Founders | NYC & SF (onsite) | Full-time When you npm install openai or pip install anthropic, you’re pulling code generated by Stainless. We’re building the pl"
46928330,2026-02,AI|Accel,1,"PermitFlow (YC W22) | Staff, Fullstack & Frontend Software Engineers | New York, NY | ONSITE | Full-time |  https://permitflow.com PermitFlow’s mission is to streamline and simplify construction permi"
46946277,2026-02,AI|AWS|GCP|ML|NumPy|Python|Python (computer programming)|machine learning,1,"Parts Order | CTO | REMOTE (US/Canada + Europe) We are building AI-powered spatial audio tools that make Dolby Atmos mastering accessible to artists, labels and engineers. Seed-stage, fully remote (PT"
46947049,2026-02,geographic information systems|integrated development environment software|learning management systems,1,"On Time Bride | Remote, Toronto Area | Founding Engineer | NodeJS On Time Bride is an innovative wedding planning platform built for couples, vendors, and planners who are done with spreadsheets and c"
46861373,2026-02,JavaScript|ML|Python|TypeScript|Typescript|machine learning,1,"Apple | Full-Stack Software Engineer | San Diego, CA OR Sunnyvale, CA | ONSITE (3 days/week in office) We are looking for a Full-Stack Software Engineer to join our team to design and build full-stack"
46912689,2026-02,AI|C#|C++|Java|JavaScript|ML|Python|Python (computer programming)|systems thinking,1,"Microsoft AI | Platform Engineering | Full-time | Seattle, WA or San Francisco Bay Area | ONSITE (4 days/week) We're building the platform primitives that power  https://copilot.com  (Microsoft's Chat"
46861580,2026-02,AI|LLM|ML|machine learning,1,"Nomi.ai |  https://nomi.ai  | Senior Machine Learning Engineer | Remote (Global) | Full-time | $150k–$250k + equity At Nomi, we're building AI companions that form deeply meaningful, humanlike relatio"
46868502,2026-02,AI|AWS|Outsourcing model|computer programming|computer technology|geographic information systems,1,"Nango | Full-time | Remote (North America, LATAM, Europe) |  https://nango.dev Nango (YC W23) is a developer infrastructure company and the leading provider of API access for agents and apps. It enabl"
46859721,2026-02,Cassandra|Elasticsearch|Outsourcing model|PostgreSQL|Python|Rust|Terraform|database|geographic information systems,1,Discord | Senior Software Engineer - Database Infrastructure | SF Bay Area (Hybrid) Tech stack: Rust | ScyllaDB | k8s | Python | Postgres | Elasticsearch | Terraform Role: Build and operate distribute
46858287,2026-02,DBT|DevOps|Express|GCP|MySQL|React|Snowflake|Terraform|computer programming,1,Atria | Global Remote (almost anywhere) & Hybrid NYC | 11 Engineering roles Atria Health ( https://www.atria.org ) is doubling the size of our Engineering team with roles across disciplines (product e
46908134,2026-02,AI|ML|geographic information systems|integrated development environment software|machine learning,1,Pepr AI | pepr.ai | Onsite in San Francisco | Full-time | Multiple roles | $140-$270K based on role/experience | Visa Sponsorship | Relocation We are building the AI Operator for growth to replace tra
46919295,2026-02,AI|Android (mobile operating systems)|computer programming|computer technology,1,LiveKit | Remote | [Livekit.io]( http://livekit.io/ ) | VoiceAI | webRTC | Real-time communications LiveKit is defining a new paradigm for now applications are built by providing the framework and net
46858941,2026-02,Flink|Java|RAGE (digital game creation systems)|SPARK|Spark,1,"Crowdstrike|Senior platform data engineer|Bucharest, hybrid| Build Crowdstrike data lake (we store hundreds of trillion events). Contribute to the full spectrum of our systems (modeling/processing/sto"
46857847,2026-02,AI|Kotlin|Pushscroll|Swift|iOS,1,Pushscroll | Full-Stack Mobile Engineer (KMP) | REMOTE (GMT-3 to GMT+4) We make people do push-ups before opening addictive apps - verified through camera pose detection. Our goal is to replace doomsc
46936963,2026-02,AI|JavaScript|Next.js|Node.js|PostgreSQL|R|React|React Native|SaaS|Tailwind|TypeScript|geographic information systems|go|integrated development environment software,1,"Modall | Frontend Developer (React/Next.js) | Uxbridge, ON (Greater Toronto) | On-Site | C$60-80k We're a 5-person dev agency building AI, Web3, and SaaS products for startups, NFL players, and enterp"
46920617,2026-02,AI|ML|PhD,1,"US CAISI | 12+ technical roles | all seniority levels | onsite SF/DC | Full-Time | $190k | US citizenship required We are a key center of AI expertise within the US government, and are hiring programm"
46945956,2026-02,Next.js|React|computer programming,1,"Matcha.fm | Founding Growth Fullstack Software Engineer | REMOTE (Canada, Europe, UK, US) I’m a repeat founder now building Matcha.fm I’m hiring a cracked Founding Growth Engineer to build virality di"
46890048,2026-02,JavaScript|RabbitMQ|React|React Native|Snowflake|TypeScript|data warehouse|geographic information systems,1,"Mapistry | Full Stack Engineer | Berkeley, CA US | full-time | ONSITE https://www.mapistry.com/ We help manufacturing facilities to be compliant with the environmental regulations, reduce their emissi"
46860352,2026-02,AI|AWS|CI/CD|Docker|GitHub actions|Go|JavaScript|PostgreSQL|Python|Rust|Terraform|TypeScript|Vue|computer programming|design hardware,1,AllSpice.io | Multiple positions across Eng team. ALL REMOTE Think of github but for hardware design. (PCB and sch design). Our mission is to bring the same modern workflows that revolutionized softwa
46886146,2026-02,DevOps|GCP|RabbitMQ,1,Driftrock | Lead and Senior Software Engineer | REMOTE | Full time Driftock is a marketing technology business founded in 2013 on a mission to become the world leading automotive & e-Mobility marketin
46945674,2026-02,AI|computer technology|geographic information systems,1,RECEIPTOR AI | FOUNDING GROWTH LEAD | REMOTE | FULL-TIME Receiptor AI is building agentic AI to make bookkeeping invisible. We are a team of 2 co-founders seeking a Founding Growth Lead to build our a
46890019,2026-02,computer technology,1,"Zed Industries | North America, South America, Europe REMOTE |  https://zed.dev/  Zed is a company for developers, by developers. All 3 of our founders have spent years in the trenches writing softwar"
46904144,2026-02,EC2|Go|Rust|blockchain components|computer programming|smart contract,1,"Shinzo ( https://shinzo.network )| USA/Canada + REMOTE | Multiple Full-Time Roles We're building the read layer for blockchains. The irony of ""trustless"" applications depending on centralized indexers"
46904943,2026-02,AI|SPARK|computer programming|geographic information systems|spark,1,"Squint | Onsite, San Francisco + remote for some roles | Squint is the leading manufacturing intelligence platform. We're leveraging the latest in AI, spatial, and hardware capabilities to accelerate "
46857494,2026-02,DevOps|Kubernetes|Outsourcing model|database,1,Head of Engineering & Infrastructure | Full-Time | Remote | $182k - $272k USD -  https://fetlife.com/jobs/head_of_engineering_and_infrastruct... Role: Fully own our engineering and infrastructure team
46859526,2026-02,AI,1,Kinelo | kinelo.com | Full-Stack Engineer (AI + Backend) | San Francisco | Onsite Kinelo manages the new type of hybrid team that will emerge in the future: humans+AI working shoulder-to-“shoulder”. O
46959809,2026-02,AI|PostgreSQL|geographic information systems,1,"Staffer.ai | Remote | Senior Clojure(Script) developer| EU, or Hybrid - Lisbon or Oslo https://careers.staffer.ai/jobs/5751618-senior-clojure-scrip... Staffer.ai builds an AI-driven ATS in Clojure + P"
46899510,2026-02,Outsourcing model|computer programming|data science|geographic information systems,1,"Corsha | Tysons, VA (Hybrid) | Full-time Corsha is a cybersecurity startup in the DC area.  We offer a dual-use cybersecurity product for Operational Technology (OT) environments to our customers.  Ou"
46878279,2026-02,AI|Azure|JavaScript|LLM|Node.js|PostgreSQL|React|computer programming,1,Rolling Insights | Intermediate–Senior Node.js Developer (Sports Data + Generative AI) | REMOTE (Canada) | Full-time Rolling Insights builds modern sports data products and APIs used by fantasy platfo
46910780,2026-02,computer programming|go,1,"Onja | Full Stack Developer, Course Design & Back-End Developer, Course Design | Full-Time | ONSITE - Madagascar Looking to join a social-impact driven company? Are you a software developer ready to u"
46907272,2026-02,Elasticsearch|PostgreSQL|React|Ruby|Ruby (computer programming)|computer programming,1,"DoStuff | Retention Product Engineer (Full-Stack) | Austin or Remote (US time zones) | Contract to hire preferred I’m Scott - founder of DoStuff. We have a pretty big, and growing, membership product "
46878732,2026-02,AI|S15|augmented reality|computational biology,1,"Verge Genomics (YC S15) | Multiple roles: Computational Biologists (all levels), Principal Full-stack Engineer, Senior Data Engineer, Staff AI Scientist (Foundation Models) | REMOTE (US) | Full-time V"
46869428,2026-02,AI|Airflow|Ansible|DevOps|Docker|Grafana|MongoDB|MySQL|Prometheus|R|data engineering|database|integrated development environment software,1,"Bookarang | DevOps/Backend developer | Amsterdam, The Netherlands | € 55-72k | Fulltime, Onsite Bookarang (part of NBD Biblion) is using AI to build tomorrow's book recommendation technology. Book ret"
46899806,2026-02,AI|AWS|JavaScript|LiDAR|React|Rust|TypeScript|computer vision|machine learning,1,"Gaia AI | Fullstack Platform Engineer | Robotic Perception Engineer | Full-Time | Boston Hi, I’m Mel at Gaia AI ( https://www.gaia-ai.eco/ ). We’re a small GreenTech startup in Boston building hardwar"
46858532,2026-02,SaaS,1,"Guided Clinical Solutions | QA Engineer | Boston or Remote (US) | Full-time We're building a medication safety platform for in the operating room. Looking for a QA Engineer to join our small, fast-mov"
46944852,2026-02,AI|computer programming|create prototype of user experience solutions,1,"SEEKING REMOTE UI/UX DESIGN OPPORTUNITIES Location: India Remote: Yes Willing to relocate: Open to discuss
Technologies: Figma, Canva, Figjam, Notion, Miro, Visily, Maze, Jitter, Asana, AI, Framer, Wi"
46857875,2026-02,AWS|Flask|JavaScript|Python|React|TypeScript|digitization,1,"BoreDM ( https://boredm.com ) | Software Engineer | Boston, MA or Washington, D.C. | Full-time | $90k-$150K+ We’re building the modern standard for subsurface data management. Our software handles bor"
46875313,2026-02,GCP|JavaScript|LLM|ML|PhD|Python|React|TypeScript|Typescript|geographic information systems|information structure|machine learning,1,Layer Health |  https://www.layerhealth.com/  Amazing (and no ego) engineering team:  https://www.linkedin.com/company/layerhealth/people/  Location: BOSTON (Boston Common) or NYC (downtown) - hybrid 
46895259,2026-02,AI|AWS|JavaScript|Next.js|React|Tailwind|TypeScript|geographic information systems|learning management systems,1,"Office Hours | Software Engineer (all levels) | SF, NYC, or Remote (US) |  https://officehours.com 
We connect organizations (AI labs, startups, investors, consulting firms) with experts for paid call"
46862207,2026-02,Unclassified,0,Sphinx Defense | Software Engineering | Remote (US Only) |  https://www.sphinxdefense.com Sphinx Defense builds software to solve complex national security problems for America and its allies. Founded
46867611,2026-02,AWS|JavaScript|Python|SQL|TypeScript|geographic information systems|typescript,1,"Veho | ONSITE / HYBRID 3 days per week | NYC or Boston | No Visa |  https://shipveho.com/careers Hi there! At Veho, we don't sell software. We ship packages. Lots of them. We have all of the interesti"
46879486,2026-02,AI|Go|LLM|LangChain|Rust,1,"Dialogica | Fullstack AI Agent Engineer | Santa Monica | ONSITE | $120k – $160k + Equity We are building ""Iron Man"" for litigation. Our endgame is an AR application for smart glasses that gives lawyer"
46869120,2026-02,computer programming|geographic information systems|systems thinking,1,"Obie | Chicago, IL (Hybrid Tue/Thu) or Remote (US) | Full-time | Product Manager; Technical Project Manager (TPM) |  https://ats.rippling.com/obie/jobs/76234395-2934-4746-a421-5... ,  https://ats.ripp"
46861232,2026-02,AI|Cursor,1,"New Lantern |  https://newlantern.ai  | Software engineers (frontend and backend product engineers) | Full time in San Francisco, CA (ONSITE) New Lantern is building an AI radiology resident—think Cur"
46858976,2026-02,Kafka|MongoDB|SQL|SQL Server,1,Healthesystems | Principal Appian Engineer | Remote (US - Most States) | Full-Time | $119k-164k Healthesystems is a specialty provider of innovative medical cost management solutions for the workers’ 
46858181,2026-02,AWS|CI/CD|DevOps|Terraform|geographic information systems,1,"JustPark | Mid-level DevOps Engineer | Software Engineer II - Integrations Team | Full-time  | Dallas, TX, US JustPark is the premier partner offering both B2B solutions for destinations and B2C servi"
46857949,2026-02,AWS|JavaScript|NestJS|Python|Python (computer programming)|React|Tailwind|TypeScript|pandas,1,"Maiven is hiring again! *Maiven | Full-Stack Engineer & Energy Modeling Engineer | Remote (US) | Full-Time* Maiven is the software platform automating home decarbonization. We’re a small, mission-driv"
46991052,2026-02,AI|JavaScript|React|TypeScript|augmented reality|electronic communication,1,"Vantheon | Software Engineer | Austin, TX (in person) | Full Time Vantheon is an applied AI research lab exploring how AI with disrupt investing across economic classes: Vantheon.ai If you are obsesse"
46859160,2026-02,AI|ML|computer programming|computer technology,1,"Unit | San Francisco, CA | On-site | Full-time | Multiple Roles |  https://www.unit.inc/ Unit is building GTV, a new video platform that can autonomously produce high-quality, personalized content. Ou"
46858512,2026-02,AI|Java|JavaScript|Kotlin|LLM|LangChain|ML|Python|React|Starbridge|TypeScript|Typescript|computer programming|geographic information systems|system design,1,Starbridge | Senior Engineers (Kotlin/Java/React/Typescript) | NYC or Remote | Full-time | starbridge.ai Starbridge is building an AI platform that turns large-scale public and enterprise data into re
46859082,2026-02,AI|computer programming,1,"Ardent AI | Product Engineer | REMOTE (US) | Full time | $180-200K, 0.5-1.0% equity Ardent [0] is a well-funded, early-stage startup founded by an ex-Stripe engineer and three-time founder. We're buil"
46877012,2026-02,C++|Outsourcing model|Rust|Solidity|computer programming|geographic information systems|smart contract,1,Category Labs |  https://www.category.xyz/  | Remote and NYC | Full Time | $200K USD+ Category Labs (formerly known as Monad Labs) is a team of systems engineers and researchers on a mission to design
46870302,2026-02,AI|LaunchDarkly|geographic information systems,1,"Meticulous AI | Engineers (SWE, Platform, Forward Deployed), Founding AE | SF, London | On-site | Full-time Meticulous is building the world's first fully autonomous and exhaustive testing platform fo"
46859169,2026-02,AI|AWS|Azure|Cursor|DevOps|Docker|GCP|JavaScript|Next.js|Python|Rust|Terraform|TypeScript|computer programming,1,"Mobasi | Founding Engineer | Austin, TX / Remote | $240k + Profit Sharing |  https://mobasi.ai Mobasi builds autonomous AI agents for digital forensics. Our software orchestrates 150+ forensic tools t"
46860156,2026-02,computer programming|robotics|sensors,1,"Loki Robotics |  https://lokirobotics.co/  | Zurich, Switzerland (Europe) | Full Time | Onsite We build robots that do facility management. We are an early-stage startup developing teleoperated and au"
46866066,2026-02,Unclassified,0,"Annex Risk | Backend + Data Engineer | Bay Area, Austin | Full-time The cost of homeowners insurance, especially in natural catastrophe prone areas, has skyrocketed in recent years. Annex is solving t"
46905158,2026-02,GCP|JavaScript|Node.js|TypeScript|computer programming|geographic information systems|learning management systems,1,"Freetrade | London, Budapest (ONSITE) | Full-time |  https://freetrade.io  | £75k-£140k Freetrade is a commission-free investing app used by over 1 million people in the UK. Our team is expanding, and"
46857936,2026-02,Sequoia|Source (digital game creation systems)|go|unstructured data,1,WireScreen (Series A) | Senior Software Engineer | NYC - hybrid | Full-time | $170k-$210k base + equity |  https://jobs.ashbyhq.com/wirescreen/e9d8e7e3-c737-43ee-8c7e-... WireScreen is a fast-growing 
46868478,2026-02,AI|algorithms|learning management systems,1,"PlantingSpace | Full-time | Remote (EU time zone) + Quarterly Meet-ups |  https://planting.space We’re building an AI system for analysts and scientists, based on a fundamentally new approach to reaso"
46858039,2026-02,DevOps|geographic information systems,1,Ezra | Senior+ Engineer (Full-Stack) | LATAM REMOTE ONLY | Full-time **************************************************************** Ezra is a venture-backed startup building at the intersection of s
46859065,2026-02,AI|AWS|Azure|GCP|ML|PyTorch|Python|TensorFlow|hardware testing methods|learning management systems|machine learning,1,"ML6 | Machine Learning Engineer, Data Engineer | Python, TensorFlow, PyTorch, GCP, AWS, Azure | Full-time | Amsterdam, Berlin, Munich, Eindhoven, Ghent (EU) On-site/hybrid We are a Machine Learning co"
46862101,2026-02,AI|E2E,1,"ToucanTix | Lead Engineer | Berlin/REMOTE (EU) | Rails | €60k-€90k We're the ticketing platform behind major theme parks, zoos, and experience villages across Germany and the USA. Spin-off from COMBAS"
46857911,2026-02,AI|FastAPI|Next.js|Python|Python (computer programming)|React|computer programming|geographic information systems|integrated development environment software,1,"Lantern | Software Engineers (Python, Full-Stack) | NYC (Onsite) | Full-time | withlantern.com Lantern is building AI-powered revenue intelligence—autonomous agents that turn cold outreach into warm c"
46862617,2026-02,AI|Ai|ML|S11|S14|Snowflake|ai|computer vision|geographic information systems|iOS|learning management systems,1,"Puma.tech | Remote-first with PST overlap | iOS/MacOS, Android, Ai/ML, Growth |  https://puma.tech Hi all, I’m Yuriy, founder of Puma.tech. Previously worked  as software engineer & developer advocate"
46914468,2026-02,AI|JavaScript|React|React Native|TypeScript|Typescript|iOS|machine learning|sensors,1,"EnsoData | Mobile Engineer (React Native/Typescript) | Full-time | Hybrid (Madison, WI) or Remote (US) EnsoData strives to make healthcare more accurate, efficient, and affordable through waveform art"
46869827,2026-02,Go|Redis|geographic information systems,1,"Stream | Multiple Positions | Amsterdam (NL), Skopje (North Macedonia) | Boulder, CO (US) | Toronto (Canada)) | Remote possible | Full Time | Visa Sponsorship
We are consistently hiring backend engine"
46858032,2026-02,AI|computer programming|hardware testing methods,1,"Hearst | Senior Engineer, Generative AI | New York, NYC | Hybrid/Remote Here at Hearst we've been building out generative AI use cases and fluency across our portfolio of businesses spanning well know"
46866788,2026-02,Go|Gram|JavaScript|Terraform|TypeScript|Typescript,1,Speakeasy | San Francisco or London |  https://www.speakeasy.com/ At Speakeasy we craft developer experiences with care for our customers. We have a suite of products focused on helping team's distrib
46872258,2026-02,AWS|Ruby|computer programming,1,"Lago (getlago.com) | Product & Engineering | Full-Time, Perm Hiring Lago is the billing platform that gives teams full transparency, control and flexibility to manage and scale any pricing model.
As t"
46868733,2026-02,RAGE (digital game creation systems)|algorithms|create prototype of user experience solutions|data storage|geographic information systems|go,1,StorPool | Senior Software Engineer - Storage Core (C/Linux) | Remote (UTC-1 to UTC+5) | Full-time | Multiple roles StorPool is building the future of data storage. Our software runs at the heart of m
46858047,2026-02,AI|computer technology,1,Trunk |  https://trunk.io Developer Marketing Lead - Remote friendly | Senior DevRel Engineer - San Francisco| Technical Lead (CI & Test Data Platform) - San Francisco | Sr Platform Engineer - San Fra
46858683,2026-02,computer technology|geographic information systems,1,"Better Stack |  https://betterstack.com/  | /^Full-?stack Engineer$/i | Remote (North America & Europe) We are software builders at :heart: CEO is a software engineer, COO is a software engineer, and "
46875747,2026-02,Go|Python|Rust|SaaS|database,1,"Estuary | US-Based / Remote | Full-time –  https://estuary.dev/  Estuary is a VC-backed, post–Series A startup powering right-time data replication and transform — from sub-second CDC replication to t"
46877871,2026-02,AWS|Django|Python|React|SQL|computer programming,1,"CareIgnition | Senior/Staff Software Engineer (Generalist) | REMOTE, Chicago (US Only)
Medical billing in America is a black box of fragmented data and inefficiency. At CareIgnition, we are building t"
46871202,2026-02,JavaScript|Node.js|Python|React|TypeScript|Typescript,1,"Findigs | Full-time | NYC | 3x/week in office (M,T, Th) | findigs.com At Findigs, we’re transforming the rental experience — making it fairer, stress-free, and more convenient by changing the fundamen"
46858833,2026-02,AI|geographic information systems,1,Kadoa | Multiple roles | Remote | Full-Time |  https://kadoa.com Web scraping hasn't changed in decades: engineers still write brittle scripts that constantly break. Kadoa automates the entire web dat
46862811,2026-02,AI|AWS|JavaScript|Next.js|PostgreSQL|React|TypeScript|computer technology|geographic information systems,1,"Silkline | Senior Software Engineer | Seattle | ONSITE (5 days/week) | $150k-$220k + equity |  https://silkline.ai Modern hardware supply chains run on spreadsheets, email, and PDFs. It's like fax wok"
46858502,2026-02,AI|OAuth|computer programming|computer technology|geographic information systems,1,Mondrio | Software Engineer (Founding Team) | REMOTE (Brazil) | 3-Month Trial-to-Hire B2B SaaS pricing is still guesswork. We’re building the AI-powered monetization operating system to fix it. We are
46873017,2026-02,AI|ML,1,Matterworks.ai | ML Scientist & Engineering | Remote or Hybrid (Boston/Somerville MA) At Matterworks we are building AI tools to extract insights from the ever-growing corpora of biological data and t
46907530,2026-02,AI|AWS|Airflow|Kubernetes|ML|PostgreSQL|PyTorch|Python|Terraform|geographic information systems,1,"Rad AI | Infra / Platform / ML Infra / SWE | San Francisco, CA | ONSITE/HYBRID Preferred, Remote Available | Full-time Rad AI builds AI products used by thousands of radiologists, helping reduce burno"
46861288,2026-02,3D modelling|C++|JavaScript|Kubernetes|Next.js|Python|React|TypeScript|algorithms|computer programming,1,"Encube Technologies | Senior & Lead Software Engineers
Onsite (Stockholm) or Remote | Full-time Encube Technologies is building collaborative, real-time software for manufacturing. We are looking for "
46896838,2026-02,AI|AWS|Cursor|DynamoDB|FastAPI|LESS|Next.js|Tailwind,1,"Hey HN - I'm George, founder of xFigura. We're building the AI-native creative canvas for architects - Figma for the built world. The problem: Architects design where you live, work, get surgery, send"
46865574,2026-02,AI|computer programming|geographic information systems|learning management systems,1,"Surge AI ( https://surgehq.ai/careers ) | Software Engineers (full-stack / product) and Strategic Project Lead, and many more  https://surgehq.ai/careers  | Full-time | ONSITE SF or NYC | Remote
Our m"
46936741,2026-02,.NET|Angular|C#|GCP|Kubernetes|PostgreSQL|Terraform|computer technology|geographic information systems,1,Kredit | .NET Engineer Roles | Remote (US) | Full-time Kredit ( https://www.kredit.fyi ) is on a mission to resolve consumer debt. We help people get out of financial hardship and offer tools for comp
46858265,2026-02,AI|JavaScript|ML|NestJS|PostgreSQL|React|Redis|TypeScript|augmented reality|computer programming,1,"Caspian Trade, Inc. | Software Engineer | SF, Hybrid 3+ days a week | Full-time We're simplifying global trade compliance and helping importers navigate the trade environment, starting with duty drawb"
46868773,2026-02,AI|Azure|LangChain|learning management systems,1,CASUS | Full-time | Remote (EU time zone) + Quarterly Meet-ups |  https://getcasus.com We are looking for a Fullstack Engineer and AI enthusiast to join our engineering team. We are rebuilding the cor
46868783,2026-02,business intelligence|computer programming,1,"Rover | Barcelona, Spain & Seattle, USA | Software Engineers (Multiple Roles) | Full-time
Rover is the world’s largest online marketplace for pet care. We connect millions of pet parents with trusted "
46872867,2026-02,AI|AWS|CI/CD|FastAPI|LLM|Python|Python (computer programming)|system design|web services,1,"Phonely | Senior Backend Engineer (Python) | San Francisco (Onsite) | Full-time We’re building the future of voice AI for businesses, with a platform designed to make real-time agents easy to build, t"
46876447,2026-02,integrated development environment software,1,"Dynasty |  https://www.getdynasty.com  | San Francisco, CA (in-person) | Full-Time Building the next generation of trust & estate planning software Dynasty is building a modern trust platform for star"
